date,original_value,rolling_7d_mean,rolling_7d_std,rolling_30d_mean,rolling_30d_min,rolling_30d_max,ewm_span_7,expanding_mean
2023-01-01,98.6,,,,,,98.6,98.6
2023-01-02,98.0,,,,,,98.25714285714285,98.3
2023-01-03,98.7,,,,,,98.44864864864864,98.43333333333334
2023-01-04,98.82000000000001,,,,,,98.58445714285713,98.53
2023-01-05,98.72857142857143,,,,,,98.63169562831533,98.56971428571428
2023-01-06,98.53,,,,,,98.60076710933852,98.56309523809523
2023-01-07,98.64285714285714,98.57448979591837,0.2699110820723408,,,,98.61291057466869,98.57448979591837
2023-01-08,98.62222222222222,98.57766439909297,0.27039138935504997,,,,98.61549746798818,98.58045634920634
2023-01-09,98.47692307692309,98.64579626722482,0.11735133606061281,,,,98.57804150066625,98.56895265228599
2023-01-10,98.56071428571428,98.62589830804117,0.11843240964402237,,,,98.5734512010217,98.56812881562881
2023-01-11,98.53448275862068,98.58511013070127,0.08484596032822783,,,,98.56327948668265,98.56507008317354
2023-01-12,98.55862068965517,98.56083145371323,0.05654996214326579,,,,98.56207668712352,98.56453263371367
2023-01-13,98.66578947368421,98.58022994995383,0.06660691297181988,,,,98.58863585697392,98.57232162140372
2023-01-14,98.57777777777778,98.57093289779962,0.06068729512830468,,,,98.58587209256432,98.57271134685901
2023-01-15,98.56041666666665,98.56210353272027,0.056320480649467417,,,,98.57942204107836,98.57189170151284
2023-01-16,98.524,98.56882880744556,0.04638883335200205,,,,98.56542625671983,98.56889847016829
2023-01-17,98.49310344827587,98.55917011638292,0.054661070128721394,,,,98.547208613554,98.56443993946874
2023-01-18,98.51186440677965,98.55593892326276,0.05698285676504204,,,,98.53832246432705,98.56151907654157
2023-01-19,98.49827586206897,98.5473182336076,0.060936987283274145,,,,98.52826830192272,98.55819048630616
2023-01-20,98.56666666666666,98.53315783260508,0.03467757910537104,,,,98.53789843229312,98.55861429532419
2023-01-21,98.5327868852459,98.5267305622434,0.028679947757583993,,,,98.53661749894796,98.55738441865381
2023-01-22,98.61791044776119,98.5349439595426,0.04404928120058528,,,,98.5569770536617,98.56013560179504
2023-01-23,98.58857142857143,98.54416844933851,0.04796271424369313,,,,98.56488622871882,98.56137194208966
2023-01-24,98.70138888888889,98.57392351228324,0.0703747322418936,,,,98.59904616954802,98.56720598153963
2023-01-25,98.644,98.59280002560044,0.06865461856086164,,,,98.61029309095815,98.57027774227805
2023-01-26,98.68076923076923,98.61887050684332,0.061001111355286824,,,,98.62792207584387,98.57452741491232
2023-01-27,98.60641025641026,98.624548162521,0.05705433085107991,,,,98.62254184350247,98.57570826089373
2023-01-28,98.66829268292683,98.64390613361824,0.041636349817094444,,,,98.63398318574757,98.57901484739492
2023-01-29,98.68023255813954,98.65280929224375,0.041814039821765264,,,,98.64554828260445,98.58250511328266
2023-01-30,98.6774193548387,98.66550185313906,0.03120343969947647,98.58566892133452,98.0,98.82000000000001,98.65351747381784,98.58566892133452
2023-01-31,98.71030927835051,98.66677619449072,0.03304135361553126,98.58934589727954,98.0,98.82000000000001,98.66771732683058,98.58968957801245
2023-02-01,98.69904761904762,98.67464014006896,0.033267062337818835,98.61264748458113,98.47692307692309,98.82000000000001,98.67555068676485,98.5931070167948
2023-02-02,98.72803738317756,98.68139273327016,0.039018589231571366,98.61358206402038,98.47692307692309,98.82000000000001,98.6886733495205,98.5971958157761
2023-02-03,98.72857142857143,98.69884432929317,0.02451615746728709,98.61053444497276,98.47692307692309,98.72857142857143,98.69864843292022,98.60105980438773
2023-02-04,98.71454545454546,98.70545186809584,0.020871659880721136,98.61006691250523,98.47692307692309,98.72857142857143,98.70262285675612,98.6043022515351
2023-02-05,98.72586206896553,98.7119703696424,0.018694401055937754,98.61659564813742,98.47692307692309,98.72857142857143,98.70843284447182,98.60767891313039
2023-02-06,98.77394957983194,98.7257604017843,0.023851550443936304,98.62096539603657,98.47692307692309,98.77394957983194,98.72481241876538,98.61217271493312
2023-02-07,98.72539682539683,98.72791576564805,0.022884691281165583,98.62440454947573,98.47692307692309,98.77394957983194,98.72495852303534,98.61515229678743
2023-02-08,98.74453781512605,98.73441436508782,0.01953439124621491,98.63332504074917,98.49310344827587,98.77394957983194,98.7298534116925,98.61846987418075
2023-02-09,98.8047619047619,98.74537501102846,0.03254923135811867,98.64145996138407,98.49310344827587,98.8047619047619,98.74858072329266,98.62312717494527
2023-02-10,98.76349206349207,98.75036367315997,0.03221897662757698,98.64909360487981,98.49310344827587,98.8047619047619,98.75230858645969,98.62655070881226
2023-02-11,98.82822580645161,98.76660372343228,0.03907635072448376,98.65808044210634,98.49310344827587,98.82822580645161,98.77128799882097,98.63135249685129
2023-02-12,98.82578125,98.78087789215148,0.03995330839300468,98.66341350131687,98.49310344827587,98.82822580645161,98.78491136941453,98.63587409576172
2023-02-13,98.81925925925927,98.78735070349826,0.04224817142321568,98.67146288403292,98.49310344827587,98.82822580645161,98.79349836919926,98.64004194038667
2023-02-14,98.79029850746268,98.79662237236481,0.032347353222607185,98.67912561205945,98.49310344827587,98.82822580645161,98.79269840185601,98.64338097521058
2023-02-15,98.9055944055944,98.81963045671742,0.044224063712453146,98.69184542557927,98.49310344827587,98.9055944055944,98.8209224533076,98.64908126717545
2023-02-16,98.89432624113475,98.83242536191355,0.05155422072453964,98.70521951867455,98.49827586206897,98.9055944055944,98.8392734248986,98.65429924534479
2023-02-17,98.8578231292517,98.84590122845063,0.04197038668139346,98.7167514760903,98.49827586206897,98.9055944055944,98.8439108556558,98.65853932625953
2023-02-18,98.83866666666667,98.84739277990992,0.041419450765285235,98.72809783624355,98.5327868852459,98.9055944055944,98.84259980741857,98.6622153944311
2023-02-19,98.89225806451613,98.85688946769794,0.04322027185503312,98.73895088283852,98.5327868852459,98.9055944055944,98.8550143787236,98.6668162478328
2023-02-20,98.85786163522012,98.86240409283519,0.0399582830067003,98.74978670783767,98.58857142857143,98.9055944055944,98.85572619315006,98.6705622358208
2023-02-21,98.87375,98.87432573462625,0.02420269148802059,98.75831469291231,98.58857142857143,98.9055944055944,98.86023214629795,98.67446969282423
2023-02-22,98.83518518518518,98.86426727456778,0.0236666648360907,98.7665351514661,98.60641025641026,98.9055944055944,98.85397040452372,98.67750206060462
2023-02-23,98.875,98.86150638297711,0.020489665745945435,98.77232218850313,98.60641025641026,98.9055944055944,98.85922780433485,98.68115942985268
2023-02-24,98.91411764705883,98.86954845694957,0.028344936314707348,98.78132611007176,98.60641025641026,98.91411764705883,98.87295026686002,98.6853950338019
2023-02-25,98.92285714285714,98.88157566783391,0.0308117047527753,98.78939570714137,98.60641025641026,98.92285714285714,98.88542698711687,98.68963542860645
2023-02-26,98.92259887005649,98.88591006862539,0.034480543327130936,98.79993532759623,98.66829268292683,98.92285714285714,98.89471995855428,98.69372250652663
2023-02-27,98.95376344086023,98.89961032657399,0.040076870388780855,98.80945101952734,98.6774193548387,98.95376344086023,98.90948082996765,98.69820597091169
2023-02-28,98.90572916666667,98.90417877895494,0.038426383415618805,98.81696757314491,98.6774193548387,98.95376344086023,98.90854291410253,98.70172331321263
2023-03-01,98.90432432432432,98.91405579883197,0.023862586493857762,98.82453107212777,98.69904761904762,98.95376344086023,98.90748826662434,98.70509999673115
2023-03-02,98.86145251396648,98.91212044368432,0.02778509541841634,98.82956917998165,98.69904761904762,98.95376344086023,98.8959793281846,98.7076631527514
2023-03-03,98.9130890052356,98.91197349485242,0.027775490685458697,98.83670389285457,98.71454545454546,98.95376344086023,98.90025674752408,98.71097647295275
2023-03-04,98.95105263157895,98.91600142181268,0.03142192191535794,98.84413773446795,98.71454545454546,98.95376344086023,98.91295571870864,98.71478720562936
2023-03-05,98.91927083333333,98.9155259879951,0.03133050571005342,98.85049438129336,98.71454545454546,98.95376344086023,98.91453449738076,98.71798226231223
2023-03-06,98.94866310160428,98.91479736810138,0.0303365918113589,98.85829830286198,98.72539682539683,98.95376344086023,98.92306664850122,98.72153119830135
2023-03-07,98.92256410256411,98.91720235894387,0.030164700221346253,98.86485503731525,98.72539682539683,98.95376344086023,98.92294101201622,98.72457715139623
2023-03-08,98.97460317460317,98.927242194698,0.03624655520544926,98.87154349047431,98.72539682539683,98.97460317460317,98.93585655271795,98.7283088830859
2023-03-09,98.89202127659574,98.93160916078789,0.02787356817539972,98.8770976388476,98.74453781512605,98.97460317460317,98.9248977336524,98.73071641828456
2023-03-10,98.9717277486911,98.93998612413866,0.030102339736808065,98.88467063663309,98.76349206349207,98.97460317460317,98.9366052374401,98.73420933611655
2023-03-11,98.94074074074074,98.93851299687607,0.029720409030238374,98.88920326449906,98.76349206349207,98.97460317460317,98.93763911326711,98.73715978475404
2023-03-12,98.95078534031413,98.94301506930188,0.02868880513462447,98.89544637372646,98.79029850746268,98.97460317460317,98.9409256700333,98.74016859539572
2023-03-13,98.97189189189189,98.94633346791441,0.030722341134914025,98.90023524324114,98.79029850746268,98.97460317460317,98.94866722550576,98.74338697451373
2023-03-14,98.9904255319149,98.95602795782166,0.03262008304096736,98.90572338597164,98.79029850746268,98.9904255319149,98.95910680211594,98.74677106434113
2023-03-15,98.98947368421052,98.95815231633699,0.034463523100725216,98.91139720013668,98.79029850746268,98.9904255319149,98.9666985226439,98.7500508294745
2023-03-16,98.96577540106951,98.96868861983326,0.018412440138458618,98.91724642992357,98.83518518518518,98.9904255319149,98.9664677422502,98.75292715709578
2023-03-17,98.97578947368422,98.96926886626083,0.018587346640906412,98.91958626552656,98.83518518518518,98.9904255319149,98.96879817510946,98.75585955599826
2023-03-18,99.01197916666666,98.97944578425026,0.019825341222877435,98.92350802971097,98.83518518518518,99.01197916666666,98.97959342300135,98.75918578470824
2023-03-19,98.95052083333333,98.97940799753873,0.01988922099908529,98.92659795318035,98.83518518518518,99.01197916666666,98.97232527558305,98.76163879815215
2023-03-20,98.984375,98.98119129869701,0.0196613190465917,98.93145489762477,98.83518518518518,99.01197916666666,98.9753377066877,98.76445824374517
2023-03-21,98.98979591836735,98.9811013539045,0.019613416267104004,98.93470615941985,98.83518518518518,99.01197916666666,98.97895225960798,98.76727496467794
2023-03-22,98.99841269841271,98.98237835593339,0.020519454917455028,98.9393911948596,98.83518518518518,99.01197916666666,98.98381736930953,98.77012851694627
2023-03-23,98.9860962566845,98.98528133530695,0.019172296992176555,98.9431360700824,98.83518518518518,99.01197916666666,98.98438709115331,98.7727622698699
2023-03-24,98.99128205128204,98.98749456067809,0.01878424171605389,98.94833929895229,98.86145251396648,99.01197916666666,98.98611083118557,98.77539503832065
2023-03-25,98.96230366492146,98.98039806042877,0.017318821693777985,98.95124942111633,98.86145251396648,99.01197916666666,98.98015903961935,98.77762014101828
2023-03-26,98.98756756756757,98.98569045103366,0.011271918312520907,98.95369775179998,98.86145251396648,99.01197916666666,98.98201117160646,98.78009011074239
2023-03-27,98.9625641025641,98.98257460854282,0.01430311805040499,98.95502131712352,98.86145251396648,99.01197916666666,98.97714940434578,98.78221190134497
2023-03-28,98.97098445595856,98.97988725677013,0.01448623726320524,98.95663416998694,98.86145251396648,99.01197916666666,98.97560816724896,98.78438170082327
2023-03-29,99.04894736842105,98.98710649534277,0.029778044525246707,98.9598069675723,98.86145251396648,99.04894736842105,98.99394296754217,98.78738812886417
2023-03-30,98.95927835051546,98.98327536589004,0.031599139773842475,98.96159194036727,98.86145251396648,99.04894736842105,98.98527681328542,98.78931947966923
2023-03-31,98.98823529411764,98.98284011486656,0.03149127281105862,98.96438897269371,98.86145251396648,99.04894736842105,98.98601643349348,98.79152965538535
2023-04-01,99.05025906735752,98.99540517235742,0.03866222590152343,98.9706825244734,98.89202127659574,99.05025906735752,99.00207709195955,98.79437283573668
2023-04-02,98.97357512953369,98.99340625263828,0.03948788681460981,98.97269872861668,98.89202127659574,99.05025906735752,98.99495160135305,98.7963206867562
2023-04-03,98.94947368421053,98.9915361928735,0.04145300896455465,98.97264609703772,98.89202127659574,99.05025906735752,98.98358212206739,98.79796749318044
2023-04-04,98.9578947368421,98.98966623299971,0.04280772542714642,98.973933560488,98.89202127659574,99.05025906735752,98.97716027576107,98.79966884683643
2023-04-05,98.9191489361702,98.97112359982101,0.04091992089509475,98.97294975497354,98.89202127659574,99.05025906735752,98.96265744086332,98.80092653198732
2023-04-06,99.00267379679144,98.97732294928902,0.04209655769249594,98.97562007811446,98.89202127659574,99.05025906735752,98.97266152984537,98.80302806599569
2023-04-07,98.9421052631579,98.9707329448662,0.043684341313686384,98.97453681439961,98.89202127659574,99.05025906735752,98.9650224631735,98.80446185153343
2023-04-08,98.95309278350516,98.956852047173,0.026102190026293888,98.9765725312966,98.9191489361702,99.05025906735752,98.96204004325641,98.80597849369641
2023-04-09,98.94162162162162,98.95228726032842,0.02547675205387742,98.97556899372762,98.9191489361702,99.05025906735752,98.9569354378477,98.80734862630172
2023-04-10,98.98923076923077,98.95796684390272,0.0289410098985711,98.97718532801062,98.9191489361702,99.05025906735752,98.96500927069349,98.80916744773101
2023-04-11,98.93541666666665,98.95475569102054,0.030171225524257432,98.97667303888903,98.9191489361702,99.05025906735752,98.95761111968677,98.81041743999769
2023-04-12,98.99090909090908,98.96500714169751,0.02818214193264711,98.97730694552295,98.9191489361702,99.05025906735752,98.96593561249234,98.81218696598702
2023-04-13,98.97958115183245,98.96170819241766,0.02409302161920235,98.97694546618685,98.9191489361702,99.05025906735752,98.96934699732738,98.81381215225737
2023-04-14,99.0203125,98.97288065482368,0.030711737068570305,98.97797342671318,98.9191489361702,99.05025906735752,98.98208837299553,98.81579773252413
2023-04-15,98.92272727272727,98.96854272471255,0.035710276726869904,98.97653848910177,98.9191489361702,99.05025906735752,98.96724809792846,98.8168161090975
2023-04-16,98.96564102564102,98.97197406814391,0.03379496615652103,98.97620020750033,98.9191489361702,99.05025906735752,98.9668463298566,98.81822011774412
2023-04-17,98.95846153846155,98.9675784637483,0.03317163392899571,98.97441628656016,98.9191489361702,99.05025906735752,98.96475013200782,98.81953078522747
2023-04-18,98.94300518134715,98.96866253727408,0.0320504349780607,98.97416576482729,98.9191489361702,99.05025906735752,98.95931389434266,98.82067406667302
2023-04-19,98.93089005235602,98.96008838890934,0.03311752210104982,98.97238293323916,98.9191489361702,99.05025906735752,98.952207933846,98.82168522250497
2023-04-20,99.01263157894738,98.9648098784972,0.038308818362925115,98.97314412192515,98.9191489361702,99.05025906735752,98.96731384512134,98.82342109847264
2023-04-21,98.9218085106383,98.95073788001694,0.03211391713269578,98.97059064899933,98.9191489361702,99.05025906735752,98.95593751150058,98.8243074715552
2023-04-22,98.96544502617802,98.9568404162242,0.029885451956808792,98.96990227464912,98.9191489361702,99.05025906735752,98.95831439016993,98.8255676282929
2023-04-23,98.9531914893617,98.95506191104144,0.029643897090634082,98.96863258925177,98.9191489361702,99.05025906735752,98.95703366496787,98.82669704299263
2023-04-24,98.92500000000001,98.95028169126122,0.03163534765931943,98.9673891337544,98.9191489361702,99.05025906735752,98.9490252487259,98.82755934963305
2023-04-25,98.96842105263158,98.95391253001614,0.03211588193065446,98.96675091658987,98.9191489361702,99.05025906735752,98.95387419970233,98.82878423400695
2023-04-26,98.95531914893617,98.95740240095617,0.03048297048635637,98.9665094181356,98.9191489361702,99.05025906735752,98.95423543701078,98.8298750522391
2023-04-27,98.96084656084655,98.95000454122747,0.018946287120168076,98.96617148829854,98.9191489361702,99.05025906735752,98.95588821796972,98.83099446684258
2023-04-28,98.93263157894737,98.95155069384306,0.016552141532468055,98.96229429531607,98.9191489361702,99.05025906735752,98.95007405821413,98.83185579830109
2023-04-29,98.93556701030928,98.9472824058618,0.016221066693763747,98.9615039173092,98.9191489361702,99.05025906735752,98.9464472962379,98.83272732109108
2023-04-30,98.94438502673796,98.9460243397727,0.016026730037074072,98.96004224172988,98.9191489361702,99.05025906735752,98.94593172886292,98.83365780197147
2023-05-01,98.91595744680852,98.94473254645963,0.018218353996193568,98.95556552104492,98.91595744680852,99.0203125,98.93843815834931,98.8343379643255
2023-05-02,98.90588235294119,98.93579844650387,0.019920323590101367,98.9533090951585,98.90588235294119,99.0203125,98.93029920699729,98.83492439374038
2023-05-03,98.91047120418848,98.9293915972542,0.019807377036097425,98.9520090124911,98.90588235294119,99.0203125,98.92534220629508,98.83553859545134
2023-05-04,98.93315508021391,98.92543567144953,0.01454416685414808,98.95118435727017,98.90588235294119,99.0203125,98.92729542477478,98.83632582516717
2023-05-05,98.89734042553192,98.92039407810447,0.0174586886255431,98.95045740691555,98.89734042553192,99.0203125,98.91980667496408,98.83681394197009
2023-05-06,98.88395721925133,98.91302125081049,0.020598347775100743,98.94650018766421,98.88395721925133,99.0203125,98.9108443110359,98.83718809496438
2023-05-07,98.8875,98.90489481841932,0.01708374990564058,98.94468001222563,98.88395721925133,99.0203125,98.90500823327693,98.83758425169694
2023-05-08,98.88421052631578,98.90035954406322,0.017854057725452708,98.94238393698598,98.88395721925133,99.0203125,98.89980880653665,98.8379485194674
2023-05-09,98.87914438502675,98.89653983436118,0.019278894086400215,98.9403013624328,98.87914438502675,99.0203125,98.89464270115919,98.83826786726243
2023-05-10,98.87089947089946,98.89088672960558,0.02028832407531108,98.93635698582175,98.87089947089946,99.0203125,98.88870689359426,98.8385188795981
2023-05-11,98.86958762886599,98.88180566512733,0.009656385343978887,98.93416268456173,98.86958762886599,99.0203125,98.8839270774122,98.83875604562306
2023-05-12,98.89732620320855,98.88180363336684,0.009652572714691752,98.93104325497173,98.86958762886599,99.0203125,98.88727685886128,98.8391997589381
2023-05-13,98.86789473684212,98.87950899302267,0.010885730799882833,98.92732037447205,98.86789473684212,99.0203125,98.8824313283565,98.83941551065165
2023-05-14,98.84840425531915,98.87392388663969,0.015254996078966923,98.92159009964935,98.84840425531915,99.01263157894738,98.87392456009717,98.83948259083574
2023-05-15,98.8531914893617,98.86949259564624,0.016242189888291833,98.91927224020382,98.84840425531915,99.01263157894738,98.8687412924133,98.83958413823224
2023-05-16,98.89105263157894,98.87119377372512,0.017954908601754912,98.91678596040175,98.84840425531915,99.01263157894738,98.87431912720471,98.83996258303625
2023-05-17,98.81256544502618,98.86286034145753,0.028534610901367972,98.91192275728726,98.81256544502618,99.01263157894738,98.85888070666009,98.83976260392669
2023-05-18,98.83121693121693,98.85737881322196,0.03063511892407433,98.9081964822829,98.81256544502618,99.01263157894738,98.8519647627993,98.83970067876213
2023-05-19,98.81666666666668,98.84585602228738,0.02817600930727792,98.90438903609328,98.81256544502618,99.01263157894738,98.84314023876615,98.83953496644489
2023-05-20,98.79052631578948,98.83480339070843,0.03287316998984611,98.89698552732133,98.79052631578948,98.96842105263158,98.82998675802199,98.8391849046545
2023-05-21,98.82978723404256,98.83214381624035,0.03233815286976012,98.8939181514348,98.79052631578948,98.96842105263158,98.82993687702714,98.83911825450832
2023-05-22,98.82486772486773,98.82809756416978,0.0310103978725403,98.88923224139113,98.79052631578948,98.96842105263158,98.8286695889873,98.83901789866577
2023-05-23,98.77539267015706,98.8115747125381,0.021108061711846374,98.88330561408432,98.77539267015706,98.96842105263158,98.81535035927975,98.83857296699787
2023-05-24,98.7953846153846,98.80912030830359,0.021955525535876888,98.87898510126381,98.77539267015706,98.96842105263158,98.81035892330597,98.83827304788946
2023-05-25,98.74923076923076,98.79740799944841,0.02895548164709449,98.87167875848377,98.74923076923076,98.96084656084655,98.79507688478718,98.83765896320905
2023-05-26,98.8068783068783,98.79600966233578,0.028093957053432997,98.86673073041517,98.74923076923076,98.96084656084655,98.79802724030996,98.83744813679583
2023-05-27,98.77473118279569,98.79375321476525,0.029219537556924066,98.86052688448014,98.74923076923076,98.94438502673796,98.7922032259314,98.83702149085025
2023-05-28,98.77128205128206,98.78539533151375,0.025298917651872886,98.8551485668913,98.74923076923076,98.94438502673796,98.78697293226907,98.83657730544776
2023-05-29,98.8026595744681,98.78222273859951,0.020452132053644264,98.85071831902994,98.74923076923076,98.94438502673796,98.79089459281883,98.83634966966937
2023-05-30,98.76073298429318,98.78012849776182,0.02196283613156935,98.84459658428177,98.74923076923076,98.93315508021391,98.78335419068742,98.83584555843353
2023-05-31,98.70507614213199,98.76722728729715,0.034470314199687414,98.83756720745922,98.70507614213199,98.93315508021391,98.76378467854856,98.83497953580901
2023-06-01,98.7578125,98.76845324883561,0.03387097590275659,98.83263154569451,98.70507614213199,98.93315508021391,98.76229163391143,98.83447185794185
2023-06-02,98.75520833333333,98.76107182404348,0.029442041168425626,98.82745611666601,98.70507614213199,98.93315508021391,98.76052080876691,98.83395379568951
2023-06-03,98.73645833333335,98.75560427412029,0.030030511865047654,98.82089955843665,98.70507614213199,98.89734042553192,98.75450518990853,98.83332070827161
2023-06-04,98.72383419689119,98.74882600920729,0.03123278416733426,98.81511601748198,98.70507614213199,98.89732620320855,98.7468374416542,98.83261434368207
2023-06-05,98.66492146596859,98.72914913656452,0.0348439025021559,98.80781482570588,98.66492146596859,98.89732620320855,98.72635844773279,98.83153938933775
2023-06-06,98.69175257731959,98.71929479271114,0.03417063019132097,98.80128991161652,98.66492146596859,98.89732620320855,98.71770698012949,98.83064902747776
2023-06-07,98.73834196891191,98.7240470536797,0.034176816734854364,98.79642762636972,98.66492146596859,98.89732620320855,98.7228657273251,98.8300648055881
2023-06-08,98.64973821989528,98.7086078708076,0.04025222074963133,98.78878075419867,98.64973821989528,98.89732620320855,98.70458385046766,98.82893067611833
2023-06-09,98.67628865979381,98.69733363173053,0.03583437985427802,98.78229372716183,98.64973821989528,98.89732620320855,98.6975100527992,98.8279766635163
2023-06-10,98.67823834196892,98.68901649010705,0.03176549642648087,98.77591541759858,98.64973821989528,98.89732620320855,98.69269212509164,98.82704661182967
2023-06-11,98.67684210526315,98.6823033341602,0.027912835400527934,98.76856594766708,98.64973821989528,98.89105263157894,98.68872962013452,98.82611942351754
2023-06-12,98.62590673575129,98.67672980127199,0.0349660677630479,98.76049968096406,98.62590673575129,98.89105263157894,98.67302389903872,98.82489112481959
2023-06-13,98.57150537634408,98.65955162970407,0.051827637609653796,98.75126971833154,98.57150537634408,98.89105263157894,98.64764426836507,98.8233460897679
2023-06-14,98.60425531914893,98.64039639402365,0.0416291707658461,98.74297184599114,98.57150537634408,98.89105263157894,98.63679703106104,98.82201826691566
2023-06-15,98.64391534391535,98.63956455459792,0.04146925920049196,98.73473393640234,98.57150537634408,98.83121693121693,98.63857660927462,98.82094535774097
2023-06-16,98.61224489795919,98.63041544576443,0.03900845451334909,98.72805658483344,98.57150537634408,98.83121693121693,98.63199368144576,98.81969565438897
2023-06-17,98.5920634920635,98.61810475292077,0.034768107954436474,98.72008480352834,98.57150537634408,98.82978723404256,98.6220111341002,98.8183407010418
2023-06-18,98.56701030927834,98.60241449635153,0.027958911927079416,98.7117629249487,98.56701030927834,98.82978723404256,98.60826092789475,98.81685353896037
2023-06-19,98.58641304347827,98.59677254031253,0.026367732942932567,98.704959149205,98.56701030927834,98.82978723404256,98.60279895679064,98.815498006634
2023-06-20,98.56324324324325,98.59559223558384,0.02783156599823042,98.6960743495117,98.56324324324325,98.82486772486773,98.5929100284038,98.81402283257908
2023-06-21,98.53617021276595,98.58586579181484,0.03521665850054402,98.6864510991083,98.53617021276595,98.8068783068783,98.57872507449434,98.81240741037087
2023-06-22,98.56770833333333,98.5749790760174,0.024398008624790146,98.67952828788084,98.53617021276595,98.8068783068783,98.5759708892041,98.81099296483886
2023-06-23,98.58279569892474,98.5707720475839,0.01879734662185653,98.6724419906655,98.53617021276595,98.8068783068783,98.57767709163427,98.80968148629911
2023-06-24,98.52473684210527,98.56115395473275,0.022870658075785977,98.66495885976133,98.52473684210527,98.8068783068783,98.56444202925202,98.80805323118945
2023-06-25,98.609375,98.56720605340726,0.02936261521746583,98.65837541619871,98.52473684210527,98.8026595744681,98.57567527193902,98.80692437760314
2023-06-26,98.52383419689119,98.55826621818052,0.031952422775523535,98.65001218333525,98.52383419689119,98.8026595744681,98.56271500317706,98.80532499805109
2023-06-27,98.5,98.54923146914578,0.03856712438312694,98.64096944829251,98.5,98.8026595744681,98.5470362523828,98.80360968907328
2023-06-28,98.50103092783506,98.54421157129852,0.04262401248661297,98.63091516007141,98.5,98.76073298429318,98.53553492124587,98.80191930493227
2023-06-29,98.50159574468084,98.53476691577673,0.04385665831142795,98.62227725208433,98.5,98.7578125,98.52705012710462,98.80025084070866
2023-06-30,98.5045918367347,98.52359493546386,0.03930758672575621,98.61559444190442,98.5,98.7578125,98.52143555451214,98.7986173655486
2023-07-01,98.46494845360826,98.51505373710714,0.04508872668214831,98.6058323070247,98.46494845360826,98.75520833333333,98.50731377928618,98.79678401987859
2023-07-02,98.54093264248705,98.50527625746244,0.023459124008418986,98.59868978399648,98.46494845360826,98.73834196891191,98.5157184950864,98.79538592492015
2023-07-03,98.45978260869565,98.49612603057737,0.027206529220629244,98.5894672598419,98.45978260869565,98.73834196891191,98.50173452348872,98.79356199385373
2023-07-04,98.41794871794872,98.48440441885576,0.039950141206863424,98.57927107721046,98.41794871794872,98.73834196891191,98.48078807210372,98.7915316518218
2023-07-05,98.44947368421053,98.47703909833795,0.041109736260409625,98.5720894844852,98.41794871794872,98.73834196891191,98.47295947513042,98.78969263049055
2023-07-06,98.41413612565444,98.46454486704849,0.04546257962438327,98.56283560276303,98.41413612565444,98.73834196891191,98.45825363776143,98.78768430693528
2023-07-07,98.39430051813471,98.44878896439134,0.04829397196702906,98.55136755440381,98.39430051813471,98.67823834196892,98.44226535785475,98.78559183997358
2023-07-08,98.47540106951872,98.45028219523569,0.04903283466071448,98.54555631605791,98.39430051813471,98.67823834196892,98.45054928577075,98.78395061896587
2023-07-09,98.39948717948718,98.43007570052143,0.031437308744972914,98.5363296000477,98.39430051813471,98.67823834196892,98.43778375919986,98.78192712717916
2023-07-10,98.40972972972972,98.42292528924057,0.02916443539242475,98.52737931297305,98.39430051813471,98.67684210526315,98.43077025183233,98.77997844970561
2023-07-11,98.47765957446808,98.43145541160048,0.035508497940081714,98.52073989527987,98.39430051813471,98.64391534391535,98.44249258249127,98.7784038722304
2023-07-12,98.4127659574468,98.42621145063424,0.03511235351974465,98.51363520266973,98.39430051813471,98.64391534391535,98.43506092623015,98.77650937526262
2023-07-13,98.421875,98.42731700411217,0.03478912619737076,98.50864752345827,98.39430051813471,98.64391534391535,98.43176444467262,98.774681363019
2023-07-14,98.41818181818182,98.43072861840463,0.03207696291882982,98.50244507342602,98.39430051813471,98.64391534391535,98.42836878804992,98.77285316022495
2023-07-15,98.39679144385028,98.41949867188056,0.02722410493246403,98.49420761009053,98.39430051813471,98.61224489795919,98.42047445200002,98.77093447799857
2023-07-16,98.39319371727748,98.41859960585059,0.028085417055296522,98.48690590406778,98.39319371727748,98.609375,98.41365426831939,98.76901701220808
2023-07-17,98.38578947368421,98.41517956927267,0.030683050223313413,98.48003010345515,98.38578947368421,98.609375,98.4066880696606,98.76708151958928
2023-07-18,98.3357894736842,98.39491241201783,0.029361057008781284,98.47232274226869,98.3357894736842,98.609375,98.38896342066651,98.7649142228762
2023-07-19,98.3468085106383,98.38548991961662,0.033030750103087966,98.46433592450735,98.3357894736842,98.609375,98.37842469315946,98.76282369431499
2023-07-20,98.3047619047619,98.36875947743975,0.04037319067997957,98.4557198798913,98.3047619047619,98.609375,98.36000899606007,98.76054477993912
2023-07-21,98.34126984126983,98.3577720521666,0.03475633008892027,98.44922320084144,98.3047619047619,98.609375,98.35532420736251,98.75846916143085
2023-07-22,98.31798941798941,98.34651461990076,0.032713533065290894,98.44089923699663,98.3047619047619,98.609375,98.34599051001925,98.75629931047793
2023-07-23,98.2741935483871,98.32951459577357,0.03523597826180926,98.43061249864539,98.2741935483871,98.609375,98.32804126961122,98.75393604693826
2023-07-24,98.28253968253969,98.31476462561007,0.028770048763471008,98.42253925999321,98.2741935483871,98.609375,98.31666587284334,98.7516365524778
2023-07-25,98.26614583333333,98.30481553413135,0.03213291669578725,98.41109828777098,98.26614583333333,98.54093264248705,98.30403586296585,98.74927980141399
2023-07-26,98.27708333333334,98.29485479451637,0.027405281004837797,98.40287325898571,98.26614583333333,98.54093264248705,98.29729773055773,98.74699865905612
2023-07-27,98.28473684210526,98.29199407127969,0.02724344730770363,98.39569782038922,98.26614583333333,98.54093264248705,98.29415750844461,98.74477624647463
2023-07-28,98.23101604278075,98.2762435286384,0.025842129118584602,98.38669732422073,98.23101604278075,98.54093264248705,98.27837214202866,98.74231806368182
2023-07-29,98.27908163265306,98.27068527359036,0.018511122722710514,98.37928018715316,98.23101604278075,98.54093264248705,98.27854951468477,98.74011217591502
2023-07-30,98.2020942408377,98.26038537251188,0.031637994124105735,98.36919693395659,98.2020942408377,98.54093264248705,98.25943569622301,98.73756232788148
2023-07-31,98.24,98.25430827500621,0.030746295696046033,98.36169865216964,98.2020942408377,98.54093264248705,98.25457677216725,98.73521533576883
2023-08-01,98.21390374331551,98.24684511928938,0.03360187429147348,98.35079768886392,98.2020942408377,98.47765957446808,98.24440851495433,98.73276786350378
2023-08-02,98.23736842105262,98.24117156039212,0.030888641554202092,98.34338388260916,98.2020942408377,98.47765957446808,98.2426484914789,98.73045291283813
2023-08-03,98.22239583333334,98.23226570199616,0.024576557332305946,98.33686545312199,98.2020942408377,98.47765957446808,98.23758532694252,98.72808985665439
2023-08-04,98.19526315789473,98.22715814701243,0.028310951409583278,98.32839176891144,98.19526315789473,98.47765957446808,98.22700478468057,98.72562306638235
2023-08-05,98.25670103092783,98.22396091819454,0.022038744453295817,98.32314393242056,98.19526315789473,98.47765957446808,98.2344288462424,98.7234621353434
2023-08-06,98.1902564102564,98.22226979954007,0.02433125782153459,98.31634246215795,98.1902564102564,98.47765957446808,98.2233857372459,98.7210162375219
2023-08-07,98.21789473684211,98.21911190480321,0.023047182453071267,98.30775891773538,98.1902564102564,98.47765957446808,98.22201298714496,98.71871887907129
2023-08-08,98.16735751295336,98.2124624433229,0.030356000170146932,98.30002126218427,98.16735751295336,98.47765957446808,98.20834911859707,98.71621269104348
2023-08-09,98.18214285714286,98.2045730770501,0.029978312594660796,98.29243503309804,98.16735751295336,98.47765957446808,98.20179755323352,98.71379608546022
2023-08-10,98.1948717948718,98.20064107155558,0.02904145003282247,98.28300877377816,98.16735751295336,98.421875,98.20006611364309,98.71145858865577
2023-08-11,98.16075268817205,98.19571100445235,0.03279343725546993,98.274608331469,98.16075268817205,98.421875,98.19023775727534,98.70898905546974
2023-08-12,98.18730158730159,98.18579679822003,0.018776544468206296,98.26678921771239,98.16075268817205,98.41818181818182,98.1895037147819,98.70666009355828
2023-08-13,98.16507936507936,98.18220007748046,0.02014166837212747,98.25835246927565,98.16075268817205,98.39679144385028,98.18339762735627,98.70425306809838
2023-08-14,98.16989247311827,98.1753426112342,0.01279528131672586,98.25078917025125,98.16075268817205,98.39319371727748,98.18002133879678,98.70188864068696
2023-08-15,98.11968911917097,98.16853284069384,0.02480340670299136,98.24167235031436,98.11968911917097,98.38578947368421,98.16493828389034,98.69932388508558
2023-08-16,98.12566844919786,98.16046506813028,0.028541650080976887,98.23300164949815,98.11968911917097,98.3468085106383,98.15512082521722,98.69680785247202
2023-08-17,98.13817204301075,98.1523651035787,0.02497213406924755,98.22641440180904,98.11968911917097,98.3468085106383,98.15088362966561,98.69436839478878
2023-08-18,98.1336898395722,98.14849898235015,0.025545484065236858,98.21931044610683,98.11968911917097,98.34126984126983,98.14658518214226,98.69193066194002
2023-08-19,98.09947916666665,98.13595292225943,0.024869343071354275,98.21246768817032,98.09947916666665,98.34126984126983,98.13480867827336,98.68936593685225
2023-08-20,98.15287958115184,98.13421009598407,0.022832014638588957,98.20618801283305,98.09947916666665,98.31798941798941,98.13932640399298,98.6870534956639
2023-08-21,98.11884816753927,98.12691805232991,0.01692308510963162,98.19954997115138,98.09947916666665,98.28473684210526,98.13420684487956,98.68461484618696
2023-08-22,98.07195767195766,98.1200992741566,0.026960652326996813,98.1928087752704,98.07195767195766,98.28473684210526,98.11864455164908,98.6819966531347
2023-08-23,98.08670212765956,98.114532656794,0.029520342491414654,98.18628085677439,98.07195767195766,98.28473684210526,98.1106589456517,98.6794634849412
2023-08-24,98.06358974358974,98.10387804259098,0.0328390466853167,98.17952898711629,98.06358974358974,98.28473684210526,98.09889164513622,98.67685385044393
2023-08-25,98.11088082901556,98.10061961251147,0.03043132195502908,98.17398890363901,98.06358974358974,98.28473684210526,98.10188894110605,98.67446577862357
2023-08-26,98.07340425531915,98.09689462517612,0.032141972744448875,98.16694448407948,98.06358974358974,98.27908163265306,98.09476776965933,98.67194031003825
2023-08-27,98.01210526315789,98.07678400831983,0.03517219715183899,98.15964745809205,98.01210526315789,98.27908163265306,98.07410214303397,98.66917949394252
2023-08-28,98.08,98.07123427009992,0.030132630890826604,98.15301140367028,98.01210526315789,98.25670103092783,98.07557660727548,98.66672457938442
2023-08-29,98.05699481865285,98.06909671962782,0.030599856970089115,98.14817475626413,98.01210526315789,98.25670103092783,98.07093116011983,98.66419458037724
2023-08-30,98.04086021505375,98.06254787496985,0.031105320321087787,98.1415367634326,98.01210526315789,98.25670103092783,98.06341342385332,98.66161881853706
2023-08-31,98.05360824742269,98.06112194694599,0.03127790559117497,98.13619358023615,98.01210526315789,98.25670103092783,98.06096212974566,98.65911671742137
2023-09-01,98.07606382978723,98.05614808991335,0.023958238007661056,98.13081676052731,98.01210526315789,98.25670103092783,98.06473755475606,98.65672715640648
2023-09-02,98.01302083333333,98.04752188677253,0.02734132513802885,98.12383759386064,98.01210526315789,98.25670103092783,98.05180837440038,98.65409978365922
2023-09-03,98.02962962962962,98.05002536769707,0.02417716581835043,98.1183164762518,98.01210526315789,98.25670103092783,98.0462636882077,98.65156128709815
2023-09-04,98.01315789473684,98.04047649551661,0.023557296616997285,98.11019837171212,98.01210526315789,98.21789473684211,98.03798723983999,98.64897665797928
2023-09-05,98.09627659574467,98.0460881779583,0.031490836420679895,98.10706571122839,98.01210526315789,98.21789473684211,98.05255957881617,98.64674802869607
2023-09-06,98.04263157894736,98.04634122994311,0.031448913347114305,98.10122360596523,98.01210526315789,98.1948717948718,98.05007757884897,98.64432185821514
2023-09-07,98.03,98.04296862316843,0.03180358947796703,98.09664502220012,98.01210526315789,98.1948717948718,98.04505818413674,98.64186457078229
2023-09-08,98.06649214659686,98.04160123985551,0.030314422078100815,98.09278999851524,98.01210526315789,98.1948717948718,98.05041667475177,98.6395722503672
2023-09-09,98.01832460732984,98.04235892185503,0.02953734507999909,98.08690509226385,98.01210526315789,98.18730158730159,98.0423936578963,98.63710698194245
2023-09-10,98.01428571428572,98.04016693394875,0.03116398817024968,98.08202285980096,98.01210526315789,98.18730158730159,98.03536667199366,98.63464523780152
2023-09-11,98.02620320855615,98.04203055020866,0.02963205168054461,98.07665291384279,98.01210526315789,98.16989247311827,98.03307580613429,98.63224979674149
2023-09-12,98.02835051546391,98.03232682445426,0.017577090963849847,98.07209528552228,98.01210526315789,98.16989247311827,98.0318944834667,98.6298815642659
2023-09-13,97.9921052631579,98.02510877934148,0.022362951362019077,98.06616904519025,97.9921052631579,98.15287958115184,98.02194717838951,98.6273902505897
2023-09-14,98.00575916230366,98.02164580252771,0.023335051399185045,98.06237137996136,97.9921052631579,98.15287958115184,98.01790017436805,98.6249714525808
2023-09-15,97.994708994709,98.01139106654375,0.014407333267088634,98.05800606481172,97.9921052631579,98.15287958115184,98.0121023794533,98.6225285748371
2023-09-16,97.95294117647059,98.00205057642098,0.025829666028364406,98.05183170259372,97.95294117647059,98.15287958115184,97.99731207870762,98.61994329530673
2023-09-17,98.00904255319149,98.00130155340753,0.02548951344863586,98.0476767930477,97.95294117647059,98.15287958115184,98.0002446973286,98.61759367706783
2023-09-18,97.95925925925926,97.9917381320794,0.027097172825199897,98.04300279613412,97.95294117647059,98.15287958115184,97.98999833781127,98.61507132297662
2023-09-19,97.99637305699481,97.98716992372668,0.022137738779878468,98.03778591199556,97.95294117647059,98.11884816753927,97.99159201760716,98.61270987921333
2023-09-20,97.99005235602094,97.98687665127854,0.022074969419552105,98.03349271827827,97.95294117647059,98.11088082901556,97.99120710221061,98.61034236011373
2023-09-21,98.02435233160622,97.98953281832176,0.02556793721023989,98.0319058735999,97.95294117647059,98.11088082901556,97.99949340955952,98.60812270091483
2023-09-22,97.9878306878307,97.98855020305344,0.025467830021354162,98.02861015893892,97.95294117647059,98.11088082901556,97.99657772912732,98.60578197633716
2023-09-23,98.01356783919599,97.99721115487135,0.021309062763718422,98.0269427621258,97.95294117647059,98.11088082901556,98.00082525664449,98.60355560740054
2023-09-24,97.95401069518718,97.98934946087073,0.025878276082505973,98.02171375766486,97.95294117647059,98.09627659574467,97.98912161628017,98.60112285492033
2023-09-25,98.00691489361702,97.99615740863612,0.022718561292178627,98.01949744560811,97.95294117647059,98.09627659574467,97.99356993561439,98.59890566103488
2023-09-26,98.00628272251309,97.99757307513872,0.023040706219224796,98.01930336091996,97.95294117647059,98.09627659574467,97.99674813233906,98.59670260178387
2023-09-27,97.98978494623655,97.99753487374096,0.023055470713059363,98.01629619246117,97.95294117647059,98.09627659574467,97.99500733581344,98.59445475861517
2023-09-28,97.96808510638297,97.98949669870908,0.02192850247582345,98.0133325353855,97.95294117647059,98.09627659574467,97.98827677845583,98.59214343148517
2023-09-29,97.95,97.98409231473326,0.026576673288680512,98.01030386155038,97.95,98.09627659574467,97.97870758384188,98.58978261004589
2023-09-30,97.98421052631579,97.97989841289323,0.023259417883522367,98.00799060418015,97.95,98.09627659574467,97.98008331946036,98.58756439728496
2023-10-01,98.00523560209425,97.98721625673709,0.021767508204481135,98.00562966325705,97.95,98.09627659574467,97.98637139011883,98.58543910971127
2023-10-02,98.01347150259066,97.98815291516189,0.02286958248220684,98.00564468556563,97.95,98.09627659574467,97.99314641823679,98.58335922750358
2023-10-03,97.9282722513089,97.97700856213272,0.030347252965428197,98.00226610628827,97.9282722513089,98.09627659574467,97.97692787650482,98.58098572396663
2023-10-04,97.96631016042781,97.97365502130292,0.029995084960927686,98.00070451514465,97.9282722513089,98.09627659574467,97.97427344748557,98.5787666786109
2023-10-05,97.90526315789474,97.96468045723317,0.03975100451020182,97.99433740054965,97.90526315789474,98.06649214659686,97.95702087508786,98.57634400407593
2023-10-06,97.96613756613756,97.96698582382423,0.03922214190430388,97.99178760012266,97.90526315789474,98.06649214659686,97.95930004785029,98.5741568842267
2023-10-07,98.00208333333335,97.96953908196961,0.041068579638385276,97.9908570445671,97.90526315789474,98.06649214659686,97.96999586922107,98.57211376440208
2023-10-08,98.0068783068783,97.96977375408161,0.04131053148988052,97.98886991657648,97.90526315789474,98.02835051546391,97.97921647863538,98.57010225031837
2023-10-09,97.98928571428573,97.96631864146663,0.037918814186437784,97.98790195347502,97.90526315789474,98.02835051546391,97.98173378754797,98.56804261721187
2023-10-10,97.98281250000001,97.97411010556536,0.034221314000430526,97.98685284633216,97.90526315789474,98.02835051546391,97.98200346566098,98.56597466626765
2023-10-11,97.9699481865285,97.97462982357975,0.03411055963020591,97.98497767893123,97.90526315789474,98.02835051546391,97.97898964587786,98.56387598147984
2023-10-12,97.97326203208556,97.98434394846414,0.01586804261785628,97.98314139615195,97.90526315789474,98.02435233160622,97.9775577424298,98.56180365183285
2023-10-13,97.98526315789474,97.98707617585804,0.013710614999349105,97.98291332597653,97.90526315789474,98.02435233160622,97.97948409629603,98.55978777597991
2023-10-14,97.98177083333333,97.98417439014374,0.012054564442976068,97.98211371501083,97.90526315789474,98.02435233160622,97.98005578055536,98.55777377966407
2023-10-15,98.04559585492228,97.98970546843574,0.025543602768600605,97.98380994368462,97.90526315789474,98.04559585492228,97.9964407991471,98.55599538409206
2023-10-16,97.96387434554973,97.98607527290201,0.027354695919586634,97.98417438265392,97.90526315789474,98.04559585492228,97.98829918574776,98.553946522367
2023-10-17,98.00491803278689,97.9892332061573,0.028178811333669097,97.98403689864043,97.90526315789474,98.04559585492228,97.99245389750754,98.55205332067878
2023-10-18,98.01578947368421,97.99578196146524,0.028276587604586137,97.98592123912125,97.90526315789474,98.04559585492228,97.99828779155172,98.55021048958946
2023-10-19,98.04105263157895,98.00546633282146,0.030776531786070694,97.98741055827405,97.90526315789474,98.04559585492228,98.00897900155853,98.5484667982949
2023-10-20,98.07696335078535,98.01856636037725,0.039127036048267505,97.99030759143287,97.90526315789474,98.07696335078535,98.02597508886524,98.5468575715116
2023-10-21,98.02198952879581,98.02431188830045,0.035619000859318656,97.9902288313392,97.90526315789474,98.07696335078535,98.02497869884789,98.54507230606018
2023-10-22,97.99468085106383,98.0170383163207,0.0357466467435456,97.99045717011364,97.90526315789474,98.07696335078535,98.01740423690188,98.54320657231442
2023-10-23,98.07015706806284,98.03222156239399,0.031750101810042286,97.99234347774252,97.90526315789474,98.07696335078535,98.03059244469213,98.54160843209736
2023-10-24,98.02000000000001,98.03437612913872,0.030054956726604395,97.99454312123629,97.90526315789474,98.07696335078535,98.0279443335191,98.53985217475024
2023-10-25,97.99417989417991,98.03128904635238,0.03322490412828646,97.99411862125505,97.90526315789474,98.07696335078535,98.01950322368431,98.53802105971477
2023-10-26,98.0572192513369,98.03359856346067,0.03455207754281826,97.99581650554917,97.90526315789474,98.07696335078535,98.02893223059746,98.53641302691082
2023-10-27,98.05483870967743,98.03043790044524,0.03072400492521445,97.99798496433054,97.90526315789474,98.07696335078535,98.03540885036746,98.53480777918672
2023-10-28,98.05,98.03443939633156,0.03125967541426298,98.00071546078445,97.90526315789474,98.07696335078535,98.0390566377756,98.53319712211301
2023-10-29,98.07127659574469,98.04538164557167,0.028287545704161227,98.00475801397594,97.90526315789474,98.07696335078535,98.04711162726788,98.53166758394622
2023-10-30,97.97553191489362,98.0318637665475,0.03602578566063017,98.00446872692852,97.90526315789474,98.07696335078535,98.02921669917433,98.52983215269522
2023-10-31,98.05989304812834,98.03756277342299,0.0369790127605471,98.00629064179633,97.90526315789474,98.07696335078535,98.03688578641284,98.52828630037756
2023-11-01,98.02052631578948,98.04132654793864,0.03294866966336305,98.00652580223628,97.90526315789474,98.07696335078535,98.032795918757,98.52662151354285
2023-11-02,98.13068783068783,98.05182205927449,0.04739103206545901,98.0132729882156,97.90526315789474,98.13068783068783,98.05726889673971,98.52532761261848
2023-11-03,98.05699481865285,98.05213007484242,0.047420903734848016,98.01629581015642,97.90526315789474,98.13068783068783,98.05720037721801,98.52380209863162
2023-11-04,98.06476683937824,98.054239623325,0.047638310741239566,98.0216125995392,97.96387434554973,98.13068783068783,98.05909199275807,98.52231172441327
2023-11-05,98.12694300518135,98.06219196753025,0.055029229743953356,98.02697278084067,97.96387434554973,98.13068783068783,98.0760547458639,98.52103221399504
2023-11-06,98.089417989418,98.07846140674802,0.03989094662303608,98.02988393604349,97.96387434554973,98.13068783068783,98.07939555675243,98.5196399100448
2023-11-07,98.0957671957672,98.08358628498213,0.03940935059989794,98.03284689900646,97.96387434554973,98.13068783068783,98.08348846650613,98.5182769752722
2023-11-08,98.11344086021505,98.09685979132864,0.028867558610750264,98.03698540387077,97.96387434554973,98.13068783068783,98.09097656493336,98.51697942362138
2023-11-09,98.09329896907215,98.09151852538355,0.024727363371560188,98.04066828617316,97.96387434554973,98.13068783068783,98.09155716596806,98.51562581194551
2023-11-10,98.14670329670331,98.1043340222479,0.026995274079844773,98.04656012317899,97.96387434554973,98.14670329670331,98.10534369865188,98.51445089947657
2023-11-11,98.09841269841269,98.10914057353853,0.02113546980956999,98.05073181205655,97.96387434554973,98.14670329670331,98.10361094859209,98.51313014328274
2023-11-12,98.10526315789474,98.10604345249759,0.019626560120199952,98.05473181205656,97.96387434554973,98.14670329670331,98.10402400091776,98.51183942497454
2023-11-13,98.08894736842106,98.10597622092659,0.019693694424286513,98.05830436322617,97.96387434554973,98.14670329670331,98.10025484279359,98.5105053806321
2023-11-14,98.10609137055839,98.10745110303962,0.019181639330633753,98.06032088041404,97.96387434554973,98.14670329670331,98.10171397473479,98.50923363846205
2023-11-15,98.1,98.10553098015177,0.01915483127315968,98.06485840222904,97.97553191489362,98.14670329670331,98.1012854810511,98.50795077439163
2023-11-16,98.14742268041236,98.11326293891464,0.023763611952276987,98.06960855714989,97.97553191489362,98.14742268041236,98.11281978089141,98.50682412409796
2023-11-17,98.12698412698413,98.11044591466906,0.020011328507932503,98.07331504559322,97.97553191489362,98.14742268041236,98.1163608674146,98.50564082192625
2023-11-18,98.13703703703705,98.11596367732967,0.021416073300897412,98.07651452577515,97.97553191489362,98.14742268041236,98.12152990982021,98.50449608967506
2023-11-19,98.13821989528796,98.12067178267156,0.022276906966750196,98.07855641059191,97.97553191489362,98.14742268041236,98.12570240618716,98.50336210764908
2023-11-20,98.16666666666667,98.13177453956379,0.023179574068408714,98.08337898185428,97.97553191489362,98.16666666666667,98.13594347130704,98.50232292418926
2023-11-21,98.19351351351351,98.14426341712881,0.029676104917137618,98.09000673726925,97.97553191489362,98.19351351351351,98.15033598185866,98.50137274138717
2023-11-22,98.14677419354838,98.15094544477859,0.02242964803572381,98.09256064145211,97.97553191489362,98.19351351351351,98.1494455347811,98.5002850157803
2023-11-23,98.1642105263158,98.15334370847907,0.022883128807077085,98.09736765899598,97.97553191489362,98.19351351351351,98.15313678266477,98.499257265048
2023-11-24,98.24010416666665,98.16950371414801,0.03684733049986426,98.10556513474553,97.97553191489362,98.24010416666665,98.17487862866525,98.4984671641383
2023-11-25,98.21473684210525,98.18060368630061,0.03713901735247902,98.11081572110447,97.97553191489362,98.24010416666665,98.18484318202526,98.49760476194368
2023-11-26,98.20052910052911,98.18950500133506,0.032459826929149345,98.1156720674662,97.97553191489362,98.24010416666665,98.18876466165123,98.49670453266667
2023-11-27,98.19894736842105,98.19411653015712,0.030931503802343528,98.12063697974689,97.97553191489362,98.24010416666665,98.1913103383437,98.49580496419462
2023-11-28,98.20851063829788,98.19625897655487,0.03139862987714252,98.125211447832,97.97553191489362,98.24010416666665,98.19561041333225,98.49493961983951
2023-11-29,98.16979166666665,98.19954718700033,0.026112998669098185,98.1316867728911,98.02052631578948,98.24010416666665,98.18915572666586,98.49396319955972
2023-11-30,98.22146596858639,98.20772653589613,0.021812738466010034,98.13707253690637,98.02052631578948,98.24010416666665,98.19723328714599,98.49314733958674
2023-12-01,98.27486910994764,98.21269295636486,0.0319946097188345,98.14555063004498,98.05699481865285,98.27486910994764,98.2166422428464,98.49249576278184
2023-12-02,98.24659685863874,98.21724438729821,0.03450173609653836,98.14941426431001,98.05699481865285,98.27486910994764,98.22413089679449,98.49176392080524
2023-12-03,98.24761904761904,98.22397152259678,0.035281386723041604,98.15576840527554,98.06476683937824,98.27486910994764,98.23000293450063,98.49103945530615
2023-12-04,98.27777777777777,98.23523300964771,0.03840532659410827,98.16286876988887,98.08894736842106,98.27777777777777,98.24194664531993,98.49040850359751
2023-12-05,98.25894736842106,98.24243825680819,0.03727083587240413,98.16726891533018,98.08894736842106,98.27777777777777,98.24619682609521,98.48972572738754
2023-12-06,98.2979057591623,98.26074027002186,0.025129869956755365,98.174218507655,98.08894736842106,98.2979057591623,98.259124059362,98.48916155101041
2023-12-07,98.2699481865285,98.26766630115644,0.018237268648143175,98.18002454068036,98.08894736842106,98.2979057591623,98.26183009115363,98.48851869656912
2023-12-08,98.27268041237114,98.2673536300741,0.01811152635210532,98.18533252575224,98.08894736842106,98.2979057591623,98.26454267145802,98.48788759047495
2023-12-09,98.24693877551022,98.26740247534144,0.018046561751211988,98.19045385263351,98.08894736842106,98.2979057591623,98.26014169747107,98.48718511579577
2023-12-10,98.27135416666665,98.27079320663394,0.015799909215125182,98.19460888163229,98.08894736842106,98.2979057591623,98.26294481476997,98.48655770024597
2023-12-11,98.28263157894737,98.27148660680105,0.01625740849409395,98.20074951098346,98.08894736842106,98.2979057591623,98.26786650581433,98.48596661003931
2023-12-12,98.32804232804233,98.28135731531836,0.0256421556724928,98.2081754833217,98.08894736842106,98.32804232804233,98.28291046137133,98.48551018147862
2023-12-13,98.3329842931937,98.28636853446571,0.0320437942891646,98.21631004748079,98.1,98.3329842931937,98.29542891932692,98.48507062560462
2023-12-14,98.32539682539682,98.29428976858973,0.03409591014321186,98.22362022930874,98.1,98.3329842931937,98.30292089584441,98.48461179284539
2023-12-15,98.36861702127659,98.30799499843339,0.0422648977113032,98.23257413001797,98.12698412698413,98.36861702127659,98.31934492720247,98.48427942960306
2023-12-16,98.41450777202073,98.33193342650631,0.04885983299308868,98.2414769664049,98.12698412698413,98.41450777202073,98.34313563840703,98.48408008200998
2023-12-17,98.34021164021163,98.34177020844132,0.040916675142381044,98.24858455017915,98.13703703703705,98.41450777202073,98.34240463885818,98.48367020040942
2023-12-18,98.35336787564768,98.35187539368421,0.03153667397621756,98.25579557813285,98.13821989528796,98.41450777202073,98.34514544805556,98.48330002335042
2023-12-19,98.38429319371728,98.35991123163777,0.03161815599902744,98.26399802141381,98.14677419354838,98.41450777202073,98.354932384471,98.48301955074524
2023-12-20,98.40677083333333,98.37045216594343,0.03339468500003871,98.27200149363604,98.14677419354838,98.41450777202073,98.36789199668658,98.48280415888813
2023-12-21,98.37883597883597,98.37808633072045,0.026843904402598404,98.2781789091468,98.14677419354838,98.41450777202073,98.37062799222393,98.48251129077532
2023-12-22,98.46021505376343,98.39117176393286,0.040374147281568025,98.28862693782064,98.1642105263158,98.46021505376343,98.39302475760881,98.48244866089608
2023-12-23,98.41151832460733,98.39074470001667,0.04010105398649281,98.29687053109701,98.16979166666665,98.46021505376343,98.39764814935845,98.4822499764807
2023-12-24,98.4218085106383,98.4024013957919,0.03442089357561787,98.30292734256273,98.16979166666665,98.46021505376343,98.40368823967842,98.48208114557053
2023-12-25,98.4608695652174,98.41775878001614,0.032843272964224235,98.31113176666646,98.16979166666665,98.4608695652174,98.41798357106316,98.48202206038847
2023-12-26,98.46789473684211,98.42970185760542,0.03383118004252265,98.32004395454356,98.16979166666665,98.46789473684211,98.4304613625079,98.48198281782308
2023-12-27,98.38864864864865,98.42711297407904,0.03646896014536684,98.32636733055116,98.16979166666665,98.46789473684211,98.4200081840431,98.48172427441817
2023-12-28,98.45989583333333,98.43869295329293,0.031051802109617797,98.33474683705234,98.16979166666665,98.46789473684211,98.42998009636567,98.48166397485716
2023-12-29,98.46117021276596,98.43882940457901,0.031164035194463778,98.34445945525566,98.22146596858639,98.46789473684211,98.43777762546574,98.48160751821227
2023-12-30,98.47142857142858,98.44738801126776,0.03063561350374719,98.35279154201706,98.24659685863874,98.47142857142858,98.44619036195645,98.48157955407275
2023-12-31,98.50461538461539,98.45921756469306,0.03481459932419573,98.36044975117264,98.24659685863874,98.50461538461539,98.4607966176212,98.48164266593724
